title,score,url,num_comments,text,timestamp
Coronavirus (COVID-19) Megathread - News and Updates - 4,86,https://www.reddit.com/r/india/comments/g1zi21/coronavirus_covid19_megathread_news_and_updates_4/,665,"###[Covid-19 Fundraisers & Donation Links](https://amnesty.org.in/support-indias-most-vulnerable-fight-covid-19-a-list-of-fundraisers-you-can-donate-to/) via Amnesty International
* [This link covers](https://amnesty.org.in/support-indias-most-vulnerable-fight-covid-19-a-list-of-fundraisers-you-can-donate-to/) Migrant Workers Day-Labourers, Other Vulnerable Groups, Urban Poor, Transgender Community, Waste-pickers and Sanitation Workers, Healthcare Workers and Doctors, Older Persons & Children and Animal Care 

------------------------------------------------------------------------------------------------------

#####Indian Goverment
* [Official Twitter Collection of Indian Govt. Communications](https://twitter.com/i/events/1240662046280048646)
* [State and District Wise Details of Cases in India](https://www.mohfw.gov.in/pdf/DistrictWiseList324.pdf)
* All India Helplines: 1075 (Toll Free) | 1930 (Toll Free) | 1944 (Northeast India Only) | +911123978046 | Email ID: ncov2019@gov.in 
* [State Helpline Numbers](https://www.mohfw.gov.in/pdf/coronvavirushelplinenumber.pdf)
* [Test Centers List](https://covid.icmr.org.in/index.php/testing-facilities)

#####State Specific Threads via Reddit community
* [Andaman &amp; Nicobar, Lakshadweep,  Puducherry, Dadra &amp; Nagar Haveli, Daman &amp; Diu](https://www.reddit.com/r/CoronaIndia/comments/fqmry7/coronavirus_covid19_megathread_news_and_updates/) via u/TheDosaMan
* [Bihar](https://www.reddit.com/r/india/comments/ftky3g/covid19_every_updates_from_bihar/) via u/FilmmakerFarhan
* [Gujarat](https://www.reddit.com/r/india/comments/fw07cd/covid19_gujarat_updates) via u/helvetikka
* [Karnataka](https://www.reddit.com/r/india/comments/fpv4xk/karnataka_covid19_updates/) via u/TheClassicGallery
* [Kerala](https://www.reddit.com/r/Kerala/comments/fgc8m6/coronavirus_covid19_megathread_news_and_updates/) via u/nithinvnath
* [Madhya Pradesh](https://www.reddit.com/r/india/comments/fpt2jw/mp_covid19_megathread/) via u/maardon_bhenji
* [Maharashtra](https://www.reddit.com/r/india/comments/fq2vqj/covid19_updates_for_maharashtra/) via u/hrishidev
* [Odisha](https://www.reddit.com/r/india/comments/frstw5/covid19all_updates_for_odisha) via u/aviakki1
* [Nagaland](https://www.reddit.com/user/-ImSoDone-/comments/fqpnov/covid19_updates_nagaland/) via u/-ImSoDone-
* [Punjab](https://www.reddit.com/r/india/comments/fsbwuj/punjab_covid_updates_thread/) via u/TheAltChemist
* [Rajasthan](https://www.reddit.com/r/pinkcity/comments/fps590/covid19_updates_for_rajasthan/) via /u/isaacseaman
* [Tamil Nadu](https://www.reddit.com/r/Chennai/comments/fr62oj/covid19_daily_news_updates/) via u/ughalright
* [Telangana](https://www.reddit.com/r/india/comments/fqn8jf/covid19_all_updates_in_telangana/) via u/lifehacker25
* [Uttarakhand](https://www.reddit.com/r/india/comments/fs95z1/covid19_updates_uttarakhand_edition/) via u/leopard_dopy
* [West Bengal](https://www.reddit.com/r/kolkata/comments/fi5hqd/covid19_updates/) via /u/ppatra
* [*More States are being Added*]

#####Coronavirus Trackers, News, Updates

* [Case Numbers via Indian Govt.](https://www.mohfw.gov.in/)
* [Case Numbers and Map via NDTV](https://www.ndtv.com/coronavirus/india-covid-19-outbreak-map)
* [Covid19India.org](https://www.covid19india.org)
* r/Coronavirus
* r/worldnews
* r/COVID19Positive for Covid-19 Patients

#####Useful Guides, Precautions, Helpful Tips, Self Assessment
* [Safety Tips](https://www.who.int/emergencies/diseases/novel-coronavirus-2019/advice-for-public)
* [Coronavirus condition overview](https://www.who.int/health-topics/coronavirus)
* [Coronavirus Q&amp;A](https://www.who.int/news-room/q-a-detail/q-a-coronaviruses)
* [How to Protect Yourself and Prepare for the Coronavirus](https://www.nytimes.com/article/prepare-for-coronavirus.html)
* [Myth Busters via WHO](https://www.who.int/emergencies/diseases/novel-coronavirus-2019/advice-for-public/myth-busters)
* [Self Assessment Tool for Covid19](https://coronavirus.heallify.com/)

#####Coronavirus (Covid-19) Multi-Lingual Shareable Resources Wiki 
* [Wiki Thread](https://www.reddit.com/r/india/comments/fo0xj9/coronavirus_covid19_multilingual_resources_wiki/)

* [Assamese](https://1drv.ms/u/s!AoYOmN7lWek1gn1U2sNswTmrdyym?e=qtG6Hy) | [Bengali](https://1drv.ms/u/s!AoYOmN7lWek1gkqMhFrcLJNn_GXA?e=C4Org5) |
[English](https://1drv.ms/u/s!AoYOmN7lWek1gWSxZMTO6BKKKYGN?e=sgYupr) | [Gujarati](https://1drv.ms/u/s!AoYOmN7lWek1ght7ez9gamQZdNuN?e=doJZmj) | 
[Hindi](https://1drv.ms/u/s!AoYOmN7lWek1gWNzzpIljrP9jQke?e=bu6Eog) | [Kannada](https://1drv.ms/u/s!AoYOmN7lWek1ggJi4cS2y1ZULZol?e=s43xHF) | 
[Konkani](https://1drv.ms/u/s!AoYOmN7lWek1gmRJkbslNMDc-1s1?e=gpDqma) | [Malayalam](https://1drv.ms/u/s!AoYOmN7lWek1gmeU30HlPVT-0Cqo?e=dNhg3u) | 
[Marathi](https://1drv.ms/u/s!AoYOmN7lWek1giu0e8l9SbT27Ac_?e=eeNuHi) | [Marwari](https://1drv.ms/u/s!AoYOmN7lWek1gXxP8R5CPzEt5zhp?e=HWuXnt) | 
[Oriya](https://1drv.ms/u/s!AoYOmN7lWek1gwcrC-WB195OyuXd?e=ozTVA4) | [Punjabi](https://1drv.ms/u/s!AoYOmN7lWek1gjxTSvU761F9Hzou?e=9gjaqg) | 
[Tamil](https://1drv.ms/u/s!AoYOmN7lWek1gglvLHFkHSsMZgTo?e=YhLNRo) | [Telegu](https://1drv.ms/f/s!AoYOmN7lWek1gkEvVG2WLij6Up78) | 
[Urdu](https://1drv.ms/u/s!AoYOmN7lWek1gwwpU8N-i2_x9Z5n?e=8fUHqi)

#####r/India Community
* [COVID-19 India tracker](https://www.covid19india.org/) via u/splitladoo
* [Crowdsourced handbook of India specific data and resources](https://covidindiasupport.com/main) via u/lilhuman0
* [Google Spreadsheet of Statewise infections](https://docs.google.com/spreadsheets/d/1uKqaxMd5gkghBKMmp_fbnLRFLdic_Kv-i_802f77Ih0/edit#gid=0) via /u/lord_blood_raven

#####Precautions for prevention of Corona Virus
^Currently ^there ^is ^no ^vaccine ^available ^to ^protect ^against ^human ^corona ^virus ^but ^we ^can ^reduce ^the ^transmission ^of ^virus ^by ^taking ^following ^precautions:

* Do
 * Wash your hands regularly for 20 seconds, with soap and water or alcohol-based hand rub
 * Cover your nose and mouth with a disposable tissue or flexed elbow when you cough or sneeze
 * Avoid close contact (1 meter or 3 feet) with people who are unwell
 * Stay home and self-isolate from others in the household if you feel unwell
* Don't
 * Touch your eyes, nose, or mouth if your hands are not clean

#####How to Quarantine Yourself via [New York Times](https://www.nytimes.com/2020/03/06/health/self-quarantine-coronavirus.html)
^If ^youâ€™re ^returning ^from ^an ^area ^thatâ€™s ^had ^a ^coronavirus ^outbreak, ^or ^if ^youâ€™ve ^been ^in ^close ^contact ^with ^someone ^who ^tests ^positive, ^you ^may ^be ^asked ^to ^isolate ^yourself ^at ^home ^for ^two ^weeks, ^the ^presumed ^incubation ^period ^for ^the ^coronavirus.

^Itâ€™s ^not ^easy ^to ^lock ^yourself ^away ^from ^your ^family ^and ^friends. ^These ^are ^the ^basics.

1. **ISOLATION**: If you are infected or have been exposed to the coronavirus, you must seclude yourself from your partner, your housemates, your children, your older aunt and even your pets. If you donâ€™t have your own room, one should be designated for your exclusive use. No visitors unless itâ€™s absolutely essential. Donâ€™t take the bus, subway or even a taxi.

2. **MASKS**: If you must be around other people â€” in your home, or in a car, because youâ€™re on your way to see a doctor (and only after youâ€™ve called first) â€” wear a mask. Everyone else should, too.

3. **HYGIENE**: Cover your mouth and nose with a tissue to cough or sneeze, and discard it in a lined trash can. Immediately wash your hands with soap and water for at least 20 seconds. You can use sanitizer, but soap and water are preferred. Wash your hands frequently and avoid touching your eyes, nose and mouth, if you havenâ€™t just washed them.

4. **DISINFECTING**: Donâ€™t share dishes, drinking glasses, eating utensils, towels or bedding. Wash these items after you use them. Use a household cleaner to wipe down countertops, tabletops, doorknobs, bathrooms fixtures, toilets, phones, keyboards, tablets and bedside tables. That also goes for any surfaces that may be contaminated by bodily fluids.

5. **HOUSEHOLD MEMBERS**: When around the patient, wear a face mask, and add gloves if youâ€™re touching anything that might carry the patientâ€™s bodily fluids. Dispose of the mask and gloves immediately. The older members and those with chronic medical conditions should minimize contact with the secluded individual.

----

#####Share your Idle CPU/GPU Power towards find solutions for Covid-19

* Do you have a CPU/GPU sitting at home, not doing anything? If yes, and you are willing to let it work for drug discovery, please check out folding at home. The following text is from /r/pcmasterrace
Join us and donate your unused GPU and CPU computing power to fight against Coronavirus (and several other illnesses, like Cancer, Parkinson's, etc). To download [CLICK HERE](https://foldingathome.org/start-folding/). 

* To learn more about the project, or if you need more instructions on how to run it, check out https://pcmasterrace.org/folding.

----

Older Threads: [Part 1](https://www.reddit.com/r/india/comments/f2kaxr/covid19_megathread_news_and_updates/) | [Part 2](https://www.reddit.com/r/india/comments/fkttm7/coronavirus_covid19_megathread_news_and_updates_ii/) | [Part 3](https://www.reddit.com/r/india/comments/fqqdsg/coronavirus_covid19_megathread_news_and_updates_3/)",2020-04-16 09:30:15
"Announcing r/IndiaMeme, our own sub for memes that are related to India. Welcoming all the memers to submit their memes and OC memes!",241,https://www.reddit.com/r/india/comments/fzub9j/announcing_rindiameme_our_own_sub_for_memes_that/,70,"HELLO YOU NICE PEOPLE. WE GOT REALLY TIRED OF [BANNING AND REMOVING QUALITY MEMES on r/India](https://i.imgur.com/eUNUvNW.jpg) -  SO PLEASE FIND HERE SUB FOR INDIAN MEMES THAT IS r/IndiaMeme! 

Jokes aside please take a look at the rules. 

**ATTENTION** Regarding political memes: Yes they are welcome as long as they are not hateful, low effort or baity. 

We'll allow occasional OC memes on r/India but rest of all should go to r/IndiaMeme only! 

Have fun. ðŸ˜‚",2020-04-12 23:48:46
Rural India is wild. Literally.,1030,https://v.redd.it/mxv2n27amet41,111,,2020-04-18 05:53:10
Kneaded Flour for the Stray Doggos. Made 16 Chapatti and fed 7 dogs and a very hungry cow.,630,https://imgur.com/D7tssUY,95,,2020-04-18 03:42:41
Prime Time,1958,https://i.redd.it/1jsn588fdbt41.jpg,146,,2020-04-17 18:58:14
"No social distancing, no masks! HD Kumaraswamy's son gets married, flouts all lockdown norms.",495,https://economictimes.indiatimes.com/magazines/panache/no-social-distancing-no-masks-hd-kumaraswamys-son-gets-married-flouts-all-lockdown-norms/articleshow/75195209.cms?from=mdr,41,,2020-04-17 22:19:29
Hiranandani Hospital charging Rs 6400 for a Covid-19 Test when it has been capped at Rs 4500. (In this way 4500 + Handling Charge + Registration + Consultation Charge) Sauce: Draupadi Rohera (Journalist) - FB,589,https://imgur.com/a/gKIAH6I,70,,2020-04-17 21:08:46
"Chennai man caught on camera hurling casteist abuses at sanitation worker, case filed",271,https://www.thenewsminute.com/article/chennai-man-caught-camera-hurling-casteist-abuses-sanitation-worker-case-filed-122740,56,,2020-04-18 01:19:59
Police Officer feeding an amputee Monkey. ( Originally posted in r/HumanBeingBros ),4433,https://gfycat.com/pettyanotheranhinga,123,,2020-04-17 11:13:02
I just noticed that Youtube India has started showing views in 'Lakhs' in place of usual 'Millions',886,https://imgur.com/C2hDufa,165,,2020-04-17 18:21:37
